noise_mean,noise_std,noise_min,noise_25%,noise_50%,noise_75%,noise_max,noise_mad,max_magnitude_mean,max_magnitude_std,max_magnitude_min,max_magnitude_25%,max_magnitude_50%,max_magnitude_75%,max_magnitude_max,max_magnitude_mad,total_gain_db_mean,total_gain_db_std,total_gain_db_min,total_gain_db_25%,total_gain_db_50%,total_gain_db_75%,total_gain_db_max,total_gain_db_mad,base_pwr_db_mean,base_pwr_db_std,base_pwr_db_min,base_pwr_db_25%,base_pwr_db_50%,base_pwr_db_75%,base_pwr_db_max,base_pwr_db_mad,rssi_mean,rssi_std,rssi_min,rssi_25%,rssi_50%,rssi_75%,rssi_max,rssi_mad,relpwr_db_mean,relpwr_db_std,relpwr_db_min,relpwr_db_25%,relpwr_db_50%,relpwr_db_75%,relpwr_db_max,relpwr_db_mad,avgpwr_db_mean,avgpwr_db_std,avgpwr_db_min,avgpwr_db_25%,avgpwr_db_50%,avgpwr_db_75%,avgpwr_db_max,avgpwr_db_mad,bin_label,label
-95.0,0.0,-95.0,-95.0,-95.0,-95.0,-95.0,0.0,47.04,27.113647836281615,25.0,32.0,36.5,51.25,208.0,18.15759999999998,75.95,3.3314388555825016,70.0,74.0,74.0,81.0,81.0,2.970999999999993,377.39,2.9912160967362027,373.0,373.0,379.0,379.0,384.0,2.6340000000000057,5.9,1.534123643496623,3.0,5.0,6.0,7.0,13.0,1.1420000000000008,14.73,13.423825494585765,0.0,11.0,12.0,13.0,63.0,6.706400000000007,51.15,3.173039838732224,47.0,48.0,50.0,54.0,58.0,2.845999999999999,0,2
-108.0,0.0,-108.0,-108.0,-108.0,-108.0,-108.0,0.0,53.2,24.118394840805006,26.0,37.0,44.5,61.5,122.0,18.840000000000003,76.28,6.90787868153371,51.0,74.0,81.0,81.0,81.0,5.4784000000000095,390.45,6.635343079131463,386.0,386.0,386.0,393.0,415.0,5.228999999999998,13.39,6.5395378701828415,9.0,11.0,11.0,12.25,39.0,3.8351999999999937,12.33,5.5796437379481745,0.0,11.0,12.0,14.0,58.0,2.6697999999999995,52.74,3.759486317801598,43.0,51.0,54.0,55.0,58.0,3.0439999999999956,0,2
-108.0,0.0,-108.0,-108.0,-108.0,-108.0,-108.0,0.0,50.2,16.988409596135263,26.0,38.0,46.0,56.25,110.0,12.243999999999993,75.12,5.17624722685609,58.0,74.0,74.0,81.0,81.0,3.9960000000000013,391.44,5.00165629132647,386.0,386.0,392.0,393.0,408.0,3.7080000000000006,13.72,5.934116393679634,9.0,10.75,11.0,13.0,34.0,4.228800000000008,10.8,3.4553428106909942,2.0,8.0,11.0,13.0,19.0,2.7319999999999975,51.9,3.264439562400513,45.0,49.0,52.0,55.0,59.0,2.890000000000002,0,2
-108.0,0.0,-108.0,-108.0,-108.0,-108.0,-108.0,0.0,62.96,29.00188778251331,34.0,46.0,51.0,66.0,228.0,20.202400000000015,75.07,6.86118492578786,57.0,69.0,78.0,81.0,81.0,5.905799999999995,391.71,6.598584176269414,386.0,386.0,389.0,397.0,409.0,5.706799999999996,14.15,5.915866356458261,9.0,10.0,11.0,17.0,39.0,4.471999999999998,10.78,2.6037269325706838,4.0,9.0,11.0,12.0,18.0,1.9952,52.32,3.651151748545805,45.0,49.75,54.0,55.0,60.0,3.0512000000000006,0,2
-108.0,0.0,-108.0,-108.0,-108.0,-108.0,-108.0,0.0,56.62,21.419230479721588,34.0,44.0,49.5,62.25,163.0,15.165999999999999,73.91,5.594179875982582,63.0,69.0,73.0,81.0,81.0,4.990000000000006,392.74,5.3966319462824535,386.0,386.0,393.5,397.0,404.0,4.8363999999999985,14.41,5.241819022693044,9.0,10.0,12.0,18.25,30.0,4.501200000000004,11.77,6.637595706856257,0.0,9.0,12.0,14.0,63.0,3.5884000000000045,51.52,4.682829154356252,43.0,48.0,53.0,55.0,65.0,3.986400000000005,0,2
-108.0,0.0,-108.0,-108.0,-108.0,-108.0,-108.0,0.0,54.16,17.15863006940198,26.0,43.75,49.5,57.0,117.0,12.044799999999995,73.01,5.866348131848332,63.0,69.0,71.0,80.0,81.0,5.2314000000000025,393.65,5.784645297001466,386.0,387.0,395.0,398.0,404.0,5.152000000000003,17.29,4.502064621769201,9.0,13.0,19.0,20.25,26.0,3.977800000000006,22.59,18.468151674237085,1.0,12.0,17.0,21.0,63.0,13.408599999999979,54.73,2.7628670513498017,45.0,54.0,55.0,57.0,60.0,2.0807999999999995,0,2
-108.0,0.0,-108.0,-108.0,-108.0,-108.0,-108.0,0.0,52.24,19.760750813855044,33.0,42.0,47.0,55.25,156.0,11.976800000000003,75.24,5.376942918751804,65.0,72.0,74.0,81.0,81.0,4.538400000000001,391.42,5.1896945279013575,386.0,386.0,392.0,394.0,401.0,4.292799999999997,15.76,21.351848026375013,9.0,10.0,11.0,17.0,223.0,6.297599999999997,17.5,17.362155524140558,0.0,8.0,12.0,14.0,63.0,12.37,52.42,4.212007846741279,45.0,49.0,53.5,55.0,66.0,3.564399999999996,0,2
-108.0,0.0,-108.0,-108.0,-108.0,-108.0,-108.0,0.0,50.24,9.0844744904522,32.0,44.0,49.0,55.0,86.0,6.8392,79.47,4.036337473752679,58.0,81.0,81.0,81.0,81.0,2.5092000000000008,387.39,3.7709549201894523,386.0,386.0,386.0,386.0,408.0,2.2795999999999914,10.79,3.388319210273298,8.0,10.0,10.0,11.0,33.0,1.3005999999999995,11.48,2.052246859351275,1.0,10.0,12.0,13.0,15.0,1.534400000000001,53.56,2.1429706559641075,46.0,54.0,54.0,55.0,56.0,1.4863999999999988,0,2
-108.0,0.0,-108.0,-108.0,-108.0,-108.0,-108.0,0.0,60.04,19.922029834514184,32.0,50.0,58.0,65.25,224.0,10.428000000000003,73.92,6.869166946977962,54.0,72.0,73.0,81.0,81.0,5.232,392.75,6.720051406729781,386.0,386.0,393.0,394.0,412.0,5.025,17.71,7.326849750931653,8.0,11.0,19.0,21.0,38.0,5.784799999999998,11.87,4.164920846374596,1.0,10.0,12.0,14.0,25.0,2.918599999999999,55.19,2.0631201240995716,49.0,54.0,55.0,56.0,69.0,1.2507999999999992,0,2
-108.0,0.0,-108.0,-108.0,-108.0,-108.0,-108.0,0.0,61.02,15.060135350244261,38.0,52.0,58.0,64.25,121.0,9.906799999999997,80.8,0.7913675671030653,75.0,81.0,81.0,81.0,81.0,0.36000000000000226,386.11,0.6012613005301041,386.0,386.0,386.0,386.0,391.0,0.2090000000000123,10.1,0.9156330260447354,8.0,9.0,10.0,11.0,13.0,0.7100000000000005,11.35,9.816884033195668,0.0,8.0,11.0,13.0,63.0,4.2650000000000015,54.22,0.905426959946511,49.0,54.0,54.0,55.0,56.0,0.6103999999999996,0,2
-108.0,0.0,-108.0,-108.0,-108.0,-108.0,-108.0,0.0,61.88,19.999131294265073,36.0,50.0,55.0,66.25,145.0,13.928799999999999,74.58,6.77216525361145,54.0,71.0,73.0,81.0,81.0,5.754800000000007,392.09,6.618149211818886,386.0,386.0,394.0,395.0,413.0,5.564600000000005,17.4,7.178812822142222,8.0,11.0,20.0,21.0,38.0,6.056000000000004,15.2,4.4038550605054425,3.0,12.75,15.5,18.0,24.0,3.5599999999999996,55.83,2.0940270998603374,51.0,54.75,56.0,57.0,69.0,1.4636000000000013,0,2
-95.0,0.0,-95.0,-95.0,-95.0,-95.0,-95.0,0.0,63.98,20.075604573459277,38.0,52.0,56.5,68.0,144.0,14.514000000000001,80.07,2.9755060684926145,66.0,81.0,81.0,81.0,81.0,1.599600000000005,373.85,2.8368961556567096,373.0,373.0,373.0,373.0,388.0,1.5130000000000177,4.29,1.444564874544469,2.0,3.0,4.0,5.0,10.0,1.0512000000000006,11.04,7.590424589872782,2.0,7.0,11.0,13.0,60.0,3.4839999999999947,54.81,1.4818429693657118,48.0,54.0,55.0,56.0,57.0,0.9783999999999992,0,2
-102.0,0.0,-102.0,-102.0,-102.0,-102.0,-102.0,0.0,62.35,13.378993786809037,43.0,56.0,61.0,66.0,134.0,8.513000000000003,79.69,3.4250857100534158,64.0,81.0,81.0,81.0,81.0,2.1670000000000016,381.27,3.4196550124304075,380.0,380.0,380.0,380.0,397.0,2.1443999999999868,5.79,3.0026755745602296,3.0,5.0,5.0,6.0,22.0,1.638600000000001,9.45,3.2917865340660515,1.0,7.0,10.0,12.0,16.0,2.716,54.53,1.7721470171814322,49.0,54.0,55.0,55.0,59.0,1.2333999999999998,0,2
-101.0,0.0,-101.0,-101.0,-101.0,-101.0,-101.0,0.0,65.85,14.170944095777687,38.0,58.0,64.0,70.0,113.0,9.866000000000007,77.27,4.631588945666073,64.0,74.0,81.0,81.0,81.0,4.157600000000004,382.35,4.31903234579696,379.0,379.0,379.0,385.0,396.0,3.752000000000003,6.24,5.306980347056173,2.0,4.0,5.0,6.0,34.0,2.943200000000005,11.54,3.8935844667863573,2.0,10.75,13.0,14.0,17.0,3.036400000000002,53.07,2.7606725867645237,45.0,50.0,54.0,55.0,58.0,2.397400000000002,0,2
-102.0,0.0,-102.0,-102.0,-102.0,-102.0,-102.0,0.0,58.9,22.19905357887989,14.0,47.0,54.0,63.0,161.0,14.550000000000018,78.31,4.31978067157409,63.0,74.0,81.0,81.0,81.0,3.6921999999999993,382.53,4.144986018180169,380.0,380.0,380.0,386.0,398.0,3.501999999999989,6.86,3.703724579065747,3.0,5.0,5.0,7.0,19.0,2.8328000000000038,11.5,2.2495790852081776,7.0,10.0,11.0,13.0,19.0,1.68,53.81,2.7328713578553,44.0,54.0,54.0,55.0,61.0,1.7887999999999988,0,2
-102.0,0.0,-102.0,-102.0,-102.0,-102.0,-102.0,0.0,60.29,20.795441905388884,33.0,46.0,54.0,63.0,143.0,14.61439999999999,77.73,4.059792998653896,65.0,74.0,80.0,81.0,81.0,3.5239999999999996,383.05,3.929620744031056,380.0,380.0,380.0,387.0,396.0,3.384000000000003,8.19,5.130016638089072,3.0,5.0,6.0,9.0,35.0,3.302199999999999,12.98,2.9266452680932358,1.0,12.0,13.0,14.0,20.0,1.8060000000000012,54.66,2.8892695941844533,48.0,54.0,55.0,57.0,62.0,2.2412000000000005,0,2
-108.0,0.0,-108.0,-108.0,-108.0,-108.0,-108.0,0.0,66.75,33.21140579300242,29.0,45.75,58.0,69.25,194.0,23.095,77.14,5.287721626560915,57.0,75.0,80.0,81.0,81.0,4.132000000000001,389.57,5.1370215007326845,386.0,386.0,386.0,392.0,410.0,3.949599999999998,13.0,3.259794874875201,8.0,11.0,12.0,15.0,24.0,2.64,21.69,21.28294000728131,0.0,9.75,13.0,17.0,63.0,17.15640000000003,53.72,3.4788829044143266,42.0,53.0,54.0,55.0,60.0,2.4120000000000004,0,2
-102.0,0.0,-102.0,-102.0,-102.0,-102.0,-102.0,0.0,60.11,22.49619271940669,32.0,48.0,55.0,62.25,156.0,14.407399999999987,78.91,4.383382301835008,63.0,81.0,81.0,81.0,81.0,3.2240000000000113,381.92,4.145534289504134,380.0,380.0,380.0,380.0,398.0,3.013600000000009,7.28,4.694892991540939,3.0,5.0,5.0,7.25,23.0,3.5799999999999903,12.72,6.311893535223799,1.0,11.0,12.0,14.0,63.0,3.120800000000004,55.21,1.5061825449081065,51.0,54.0,55.0,56.0,59.0,1.1466000000000025,0,2
-102.0,0.0,-102.0,-102.0,-102.0,-102.0,-102.0,0.0,59.25,10.877996510424522,33.0,54.0,58.5,63.0,120.0,6.345,74.44,2.3498119417553744,68.0,74.0,74.0,74.0,81.0,1.2519999999999982,385.68,2.150311229528968,380.0,386.0,386.0,386.0,392.0,1.0959999999999945,6.41,3.438037377647458,3.0,5.0,5.0,6.25,21.0,2.254999999999998,10.71,2.944932301874912,4.0,9.0,11.0,13.0,16.0,2.4111999999999973,51.17,2.6325660562280375,48.0,49.0,50.5,54.0,57.0,2.2674000000000003,0,2
-102.0,0.0,-102.0,-102.0,-102.0,-102.0,-102.0,0.0,59.71,7.452604452895184,39.0,56.0,60.0,63.0,94.0,4.947400000000003,74.17,1.8205060901415417,68.0,74.0,74.0,74.0,81.0,0.6830000000000015,386.33,1.7755636464588584,380.0,386.0,386.0,387.0,392.0,0.9497999999999991,5.22,2.750867631725074,3.0,4.0,5.0,5.0,18.0,1.4071999999999991,10.01,4.0364375732603985,0.0,8.0,12.0,13.0,15.0,3.266399999999999,49.75,1.9036116656864062,48.0,49.0,49.0,50.0,58.0,1.27,0,2
-102.0,0.0,-102.0,-102.0,-102.0,-102.0,-102.0,0.0,51.92,8.905429055731489,33.0,46.0,52.0,56.0,87.0,6.501600000000004,80.74,1.2441377688498907,74.0,81.0,81.0,81.0,81.0,0.4940000000000046,380.25,1.2339883600452934,380.0,380.0,380.0,380.0,387.0,0.475,4.75,1.2007993970348219,2.0,4.0,5.0,5.0,11.0,0.815,10.55,6.109067610585683,0.0,8.0,11.0,12.0,63.0,2.8239999999999985,54.37,1.1516786167866608,48.0,54.0,54.0,55.0,57.0,0.7669999999999996,0,2
-95.0,0.0,-95.0,-95.0,-95.0,-95.0,-95.0,0.0,53.9,22.034179142982627,25.0,39.0,47.0,60.25,142.0,16.495999999999995,77.67,4.4541547963104025,68.0,74.0,81.0,81.0,81.0,4.049200000000001,376.25,4.321370433582665,373.0,373.0,373.0,380.0,385.0,3.95,5.07,4.566578189808684,2.0,3.75,4.0,5.0,46.0,1.8333999999999984,12.38,7.478967140919226,1.0,10.0,12.0,14.0,61.0,3.1855999999999995,53.13,3.1834642206948778,44.0,51.0,54.0,55.0,58.0,2.573599999999999,0,2
-101.0,0.0,-101.0,-101.0,-101.0,-101.0,-101.0,0.0,54.36,32.57920263671971,25.0,36.0,41.5,59.75,235.0,22.5368,73.03,4.395716464050338,61.0,69.0,74.0,74.0,81.0,3.216800000000002,386.77,4.172674456653924,379.0,386.0,386.0,390.0,398.0,2.968799999999992,7.28,4.625533002320441,3.0,4.0,5.0,8.25,24.0,3.5831999999999984,15.87,14.069563826310546,0.0,11.0,13.0,14.0,62.0,7.916400000000003,50.04,3.0114931361520503,43.0,48.0,49.0,52.0,57.0,2.3311999999999986,0,2
-101.0,0.0,-101.0,-101.0,-101.0,-101.0,-101.0,0.0,57.48,25.558204517958966,20.0,41.75,51.0,63.25,172.0,18.243200000000005,74.23,10.601939026004205,50.0,70.0,81.0,81.0,81.0,8.462599999999991,385.43,10.289992196009647,379.0,379.0,379.0,389.25,409.0,8.16200000000002,11.3,10.554811244358689,3.0,5.0,6.0,14.25,36.0,8.297999999999988,11.08,3.7055241317402174,0.0,10.0,12.0,13.0,19.0,2.753599999999999,54.54,2.1434419596395484,44.0,54.0,55.0,56.0,58.0,1.4196000000000015,0,2
-102.0,0.0,-102.0,-102.0,-102.0,-102.0,-102.0,0.0,48.38,24.774041481218426,22.0,34.0,41.0,49.0,149.0,16.24240000000002,77.15,5.63067895147161,57.0,74.0,81.0,81.0,81.0,4.754000000000003,383.58,5.365772558682965,380.0,380.0,380.0,386.0,403.0,4.430799999999996,7.48,5.343702042138158,3.0,4.0,5.0,6.0,25.0,4.149600000000004,11.25,2.0713290516970115,5.0,10.0,11.0,12.0,16.0,1.58,53.32,2.762958449549938,44.0,53.0,54.0,55.0,59.0,1.9728000000000026,0,2
-102.0,0.0,-102.0,-102.0,-102.0,-102.0,-102.0,0.0,50.64,15.980745990855448,24.0,41.0,49.0,57.0,130.0,10.529600000000002,74.54,9.136915908731584,52.0,71.0,81.0,81.0,81.0,7.244399999999998,386.24,8.87525216600075,380.0,380.0,380.0,389.0,408.0,7.008000000000002,9.56,8.149264080302283,4.0,5.0,5.0,8.0,29.0,6.6599999999999975,22.54,19.51917989666533,1.0,11.0,12.5,15.75,61.0,16.420799999999982,52.41,3.464378615555638,45.0,49.75,54.0,55.0,60.0,2.9670000000000027,0,2
-102.0,0.0,-102.0,-102.0,-102.0,-102.0,-102.0,0.0,54.78,20.312000732014898,23.0,41.75,49.0,64.0,121.0,15.364799999999997,78.16,4.819405219180749,61.0,74.75,81.0,81.0,81.0,3.702400000000008,382.6,4.683950676447605,380.0,380.0,380.0,386.0,399.0,3.520000000000009,7.16,3.708358018303951,2.0,5.0,6.0,7.25,21.0,2.6399999999999992,13.05,8.900544756906562,0.0,11.0,13.0,15.0,62.0,4.324000000000003,54.49,3.852049172620051,39.0,54.0,55.0,57.0,61.0,2.7515999999999985,0,2
-102.0,0.0,-102.0,-102.0,-102.0,-102.0,-102.0,0.0,45.01,11.801810338788165,29.0,37.0,43.0,49.0,105.0,8.2716,75.58,3.701432973944828,66.0,74.0,74.0,81.0,81.0,2.991999999999998,385.29,3.568365497427685,380.0,380.0,387.0,387.0,394.0,2.9371999999999936,6.91,4.5351489234175935,2.0,4.75,5.0,6.0,22.0,3.2595999999999963,10.74,3.7995746705082243,1.0,9.0,12.0,13.0,20.0,2.8676000000000004,51.91,3.7821884531246575,47.0,48.0,50.0,55.0,60.0,3.506400000000007,0,2
-102.0,0.0,-102.0,-102.0,-102.0,-102.0,-102.0,0.0,49.6,12.443001359329783,30.0,42.75,47.0,54.0,136.0,7.776000000000005,76.91,4.656037679045013,63.0,73.0,79.0,81.0,81.0,4.228000000000006,383.8,4.487918687032345,380.0,380.0,381.0,387.25,397.0,4.060000000000002,6.63,3.8235183966201767,3.0,5.0,5.0,7.0,19.0,2.552399999999999,12.35,15.35069833570901,0.0,3.0,10.0,12.25,63.0,9.045000000000005,53.09,3.156186805547978,41.0,52.0,54.0,55.0,60.0,2.422999999999999,0,2
-101.0,0.0,-101.0,-101.0,-101.0,-101.0,-101.0,0.0,54.64,16.104155935156562,27.0,44.75,49.5,61.0,116.0,11.644800000000002,77.51,3.674908093401725,67.0,74.0,79.0,81.0,81.0,3.490000000000001,382.09,3.306238364246009,379.0,379.0,380.5,385.0,392.0,3.093599999999999,5.24,2.6671211733881437,2.0,4.0,5.0,5.0,19.0,1.5592,14.32,13.106309684093134,0.0,9.0,12.0,13.0,62.0,6.522400000000013,52.45,3.1119677752739396,48.0,49.0,54.0,55.0,57.0,2.9090000000000007,0,2
-102.0,0.0,-102.0,-102.0,-102.0,-102.0,-102.0,0.0,56.12,14.822369117743166,30.0,48.0,53.0,61.0,130.0,10.053600000000001,76.28,7.478021668918066,54.0,70.5,81.0,81.0,81.0,6.379200000000003,384.52,7.199158199948027,380.0,380.0,380.0,389.5,406.0,6.127199999999993,9.28,7.984935310895881,2.0,4.0,5.0,14.0,35.0,6.643199999999995,11.63,4.237053960315618,0.0,11.0,12.0,13.25,23.0,2.910600000000002,54.46,2.0121851030382096,46.0,54.0,55.0,55.0,59.0,1.333999999999999,0,2
-102.0,0.0,-102.0,-102.0,-102.0,-102.0,-102.0,0.0,58.83,21.466466684556917,34.0,44.75,53.0,63.0,129.0,14.962399999999986,79.64,4.011397902391776,63.0,81.0,81.0,81.0,81.0,2.3192000000000053,381.31,3.927872428959716,380.0,380.0,380.0,380.0,398.0,2.2532000000000014,5.34,2.9481033108276815,2.0,4.0,5.0,5.0,19.0,1.524000000000002,13.14,11.635039381718542,0.0,10.0,12.0,13.0,63.0,5.037999999999996,53.68,2.039409698709878,43.0,54.0,54.0,55.0,57.0,1.3055999999999977,0,2
-95.0,0.0,-95.0,-95.0,-95.0,-95.0,-95.0,0.0,63.03,17.230730710218904,36.0,53.0,60.0,66.25,134.0,11.578399999999993,79.3,4.656916220726838,49.0,81.0,81.0,81.0,81.0,2.6459999999999972,374.6,4.592483978296403,373.0,373.0,373.0,373.0,405.0,2.5480000000000156,5.86,3.14953900747331,2.0,5.0,5.0,6.0,33.0,1.4372000000000003,11.62,3.776000770415943,1.0,10.0,12.0,14.0,20.0,2.763599999999999,55.1,2.5524794837866,45.0,54.0,55.0,56.0,63.0,1.6199999999999977,0,2
-102.0,0.0,-102.0,-102.0,-102.0,-102.0,-102.0,0.0,62.89,22.22288155587534,36.0,49.75,56.0,70.0,142.0,16.230400000000017,78.75,4.841685573425766,58.0,80.5,81.0,81.0,81.0,3.38,382.11,4.659941040941446,380.0,380.0,380.0,380.5,402.0,3.1716000000000077,6.77,4.83224648177285,3.0,4.0,5.0,6.0,31.0,3.121200000000002,10.5,7.8515262622285515,2.0,9.0,9.0,10.0,63.0,2.91,54.73,1.6808787985317486,49.0,54.0,55.0,55.0,59.0,1.1510000000000016,0,2
-102.0,0.0,-102.0,-102.0,-102.0,-102.0,-102.0,0.0,63.47,13.898226759939812,29.0,56.0,61.0,66.0,105.0,9.384000000000007,74.41,5.434820395125558,57.0,69.0,74.0,81.0,81.0,4.1212,386.4,5.289593366204814,380.0,380.0,387.0,391.0,404.0,4.052000000000008,7.74,4.659344905616553,4.0,5.0,6.0,7.25,23.0,3.390000000000004,10.37,4.263196979362842,1.0,7.0,11.5,13.0,21.0,3.555999999999999,51.81,3.404379235601988,45.0,49.0,51.5,55.0,58.0,2.97,0,2
-102.0,0.0,-102.0,-102.0,-102.0,-102.0,-102.0,0.0,63.04,23.92535530065596,22.0,51.0,57.0,64.0,158.0,14.81919999999999,75.03,5.589410984309089,58.0,74.0,74.0,81.0,81.0,4.497200000000005,385.71,5.418440269071434,380.0,380.0,386.0,387.0,402.0,4.319600000000005,8.0,5.58135423992378,4.0,5.0,5.0,8.0,27.0,4.18,13.1,6.940584786004502,4.0,11.0,12.0,13.25,58.0,3.1300000000000012,51.91,2.988513363064003,45.0,49.0,52.0,54.0,61.0,2.6118000000000006,0,2
-102.0,0.0,-102.0,-102.0,-102.0,-102.0,-102.0,0.0,56.15,23.77010047870385,28.0,42.0,48.0,58.0,147.0,16.930000000000017,77.8,5.033222956847167,63.0,75.75,81.0,81.0,81.0,4.019999999999997,382.99,4.827310772358593,380.0,380.0,380.0,385.25,398.0,3.846600000000003,8.52,5.664848193067932,3.0,5.0,6.0,11.0,24.0,4.556799999999996,12.58,7.878086215842171,0.0,11.0,12.0,14.0,62.0,3.516,55.07,1.6952399192557925,51.0,54.0,55.0,56.0,61.0,1.2421999999999997,0,2
-102.0,0.0,-102.0,-102.0,-102.0,-102.0,-102.0,0.0,56.75,22.64587950568179,22.0,43.0,51.0,60.0,129.0,16.35,78.49,4.495778041898883,62.0,75.0,81.0,81.0,81.0,3.5645999999999933,382.31,4.308073229356127,380.0,380.0,380.0,385.0,399.0,3.312600000000001,5.97,2.5602043794678724,3.0,5.0,5.0,7.0,17.0,1.6815999999999998,13.17,12.203704521185518,0.0,9.0,12.0,13.0,62.0,5.965199999999995,53.36,3.013504956228232,40.0,53.0,54.0,55.0,59.0,2.061599999999996,0,2
-102.0,0.0,-102.0,-102.0,-102.0,-102.0,-102.0,0.0,53.5,16.5819056793722,29.0,44.0,51.0,57.0,143.0,10.59,74.71,5.676987036992584,64.0,69.0,74.0,81.0,81.0,5.097799999999998,386.0,5.499311251640903,380.0,380.0,386.5,391.0,397.0,4.88,8.31,5.487718151021474,3.0,5.0,6.0,9.0,23.0,4.292600000000001,21.54,19.75937061934736,1.0,11.0,13.0,18.5,63.0,15.733199999999993,52.63,3.6449910282413036,45.0,49.0,54.0,55.0,61.0,3.154400000000001,0,2
-103.0,0.0,-103.0,-103.0,-103.0,-103.0,-103.0,0.0,57.95,14.244882121894396,28.0,49.0,57.0,65.25,106.0,10.607000000000003,73.92,5.672332283580852,61.0,71.0,75.0,77.0,81.0,4.456,387.64,5.571427831427783,381.0,384.0,386.0,390.0,400.0,4.403999999999999,12.12,5.607138307550474,5.0,7.75,10.5,16.0,24.0,4.744000000000001,13.56,18.8686689161336,0.0,2.0,9.0,12.0,63.0,12.055999999999974,54.86,1.9333333333333336,51.0,53.0,55.0,57.0,60.0,1.6055999999999988,0,2
-102.0,0.0,-102.0,-102.0,-102.0,-102.0,-102.0,0.0,56.51,19.10549923477796,31.0,45.0,53.0,62.0,139.0,13.251999999999999,74.51,8.8117174056119,56.0,71.75,81.0,81.0,81.0,7.178599999999999,386.19,8.586688076389649,380.0,380.0,380.0,389.0,405.0,6.8973999999999975,10.2,9.134240167323357,3.0,4.0,5.0,14.5,31.0,7.447999999999997,10.97,4.169284026416201,2.0,9.0,12.0,13.0,22.0,3.2777999999999996,53.8,1.9436506316150999,48.0,53.0,54.0,55.0,57.0,1.3920000000000017,0,2
-102.0,0.0,-102.0,-102.0,-102.0,-102.0,-102.0,0.0,56.46,15.782882941319498,36.0,48.0,53.0,57.25,120.0,9.654800000000012,74.79,3.9550377030217074,65.0,74.0,74.0,74.0,81.0,2.6082000000000147,386.18,3.8856898819367736,380.0,387.0,387.0,387.0,396.0,2.595599999999996,5.53,2.4306751774315325,3.0,4.0,5.0,5.0,13.0,1.5256000000000005,15.64,12.915044863971,6.0,11.0,12.0,13.0,59.0,7.299199999999992,49.62,3.187031803602176,40.0,48.0,49.0,50.0,55.0,2.223200000000003,0,2
-102.0,0.0,-102.0,-102.0,-102.0,-102.0,-102.0,0.0,51.08,15.894653189044423,26.0,42.0,47.5,53.5,108.0,10.391999999999996,78.41,3.3001224342148427,74.0,74.0,81.0,81.0,81.0,3.1434000000000015,382.28,2.90621069540056,380.0,380.0,380.0,386.0,387.0,2.772799999999993,4.72,0.9855521961383537,3.0,4.0,5.0,5.0,7.0,0.8048000000000002,15.05,13.762322302268437,1.0,11.0,12.0,13.0,63.0,7.350000000000001,52.53,2.819323652684425,47.0,50.0,54.0,55.0,58.0,2.4721999999999995,0,2
-95.0,0.0,-95.0,-95.0,-95.0,-95.0,-95.0,0.0,68.84,16.557045556975364,45.0,59.0,65.0,71.25,135.0,10.792000000000003,73.52,1.7551079853969256,67.0,74.0,74.0,74.0,81.0,0.975200000000003,379.9,1.8450041745319699,373.0,379.0,379.0,380.0,387.0,1.0739999999999987,5.07,1.736448250093427,2.0,4.0,5.0,6.0,11.0,1.1621999999999992,11.18,3.3676416230071315,0.0,9.75,12.0,13.0,17.0,2.6459999999999986,50.05,1.6659089186544762,45.0,49.0,50.0,50.25,55.0,1.0349999999999986,0,2
-101.0,0.0,-101.0,-101.0,-101.0,-101.0,-101.0,0.0,59.1,15.716233645501708,38.0,50.0,57.0,61.0,128.0,9.512000000000006,75.22,3.2708692817943414,66.0,74.0,74.0,74.0,81.0,2.443199999999999,384.75,3.2267036060996,379.0,386.0,386.0,386.0,393.0,2.45,5.53,5.296186926421312,2.0,4.0,4.0,5.0,51.0,2.1774000000000004,12.15,8.058341559332709,0.0,11.0,12.0,14.0,63.0,3.6020000000000003,50.99,2.4308413973334204,48.0,49.0,50.0,53.0,58.0,2.008200000000003,0,2
-102.0,0.0,-102.0,-102.0,-102.0,-102.0,-102.0,0.0,59.68,17.298846811568133,37.0,50.0,55.0,60.0,134.0,10.892799999999992,74.26,5.22932678132268,63.0,69.0,74.0,81.0,81.0,4.253599999999994,386.43,5.049762470661469,380.0,380.0,387.0,391.0,397.0,4.1842,7.89,4.929595225868863,3.0,5.0,6.0,8.0,23.0,3.7837999999999994,12.13,3.4747429234172706,2.0,11.0,13.0,14.0,23.0,2.4743999999999997,51.18,3.729164338919199,43.0,48.75,51.0,55.0,57.0,3.2308000000000017,0,2
-102.0,0.0,-102.0,-102.0,-102.0,-102.0,-102.0,0.0,58.21,17.982199391328493,26.0,49.0,54.0,62.25,145.0,11.253,73.51,10.904076709602188,48.0,72.0,81.0,81.0,81.0,7.9256,387.25,10.781929326423912,380.0,380.0,380.0,388.25,413.0,7.88,11.79,11.568238474985788,3.0,5.0,6.0,14.0,40.0,8.518599999999989,10.57,2.3279374839743725,4.0,9.0,11.0,12.0,17.0,1.8330000000000002,54.03,2.397199544586486,45.0,54.0,54.0,55.0,60.0,1.5124000000000002,0,2
-102.0,0.0,-102.0,-102.0,-102.0,-102.0,-102.0,0.0,55.32,16.391596763111412,29.0,47.0,52.5,59.0,123.0,10.30320000000001,74.39,7.388080763888373,51.0,73.75,74.0,81.0,81.0,5.352399999999998,386.31,7.244217478008708,380.0,380.0,386.0,387.0,409.0,5.2244,10.97,23.235924380540187,3.0,5.0,5.5,12.5,233.0,8.21560000000001,12.75,2.4052761869177384,6.0,12.0,12.0,13.25,21.0,1.625,52.33,3.6154969481135195,43.0,49.0,54.0,55.0,65.0,3.1636,0,2
-102.0,0.0,-102.0,-102.0,-102.0,-102.0,-102.0,0.0,62.74,19.274529170578322,36.0,51.0,56.5,68.25,140.0,13.996800000000002,78.91,3.4556205132093303,70.0,77.0,81.0,81.0,81.0,2.9114000000000044,381.97,3.328648222612145,380.0,380.0,380.0,383.25,391.0,2.7774000000000116,5.32,1.4275782983709853,3.0,4.0,5.0,6.0,10.0,1.1095999999999986,16.52,16.576410158335666,0.0,11.0,12.0,13.0,63.0,10.464799999999993,53.17,2.835756539534934,46.0,51.75,54.0,55.0,59.0,2.2453999999999947,0,2
-101.0,0.0,-101.0,-101.0,-101.0,-101.0,-101.0,0.0,58.09,12.973239745528081,9.0,52.0,56.0,65.0,115.0,9.099,77.11,5.697589424706311,64.0,71.75,81.0,81.0,81.0,5.074799999999993,382.69,5.467433427379646,379.0,379.0,379.0,388.0,396.0,4.830799999999999,8.28,5.62296876905588,3.0,4.0,5.0,14.0,22.0,4.926399999999991,15.64,14.493133170260638,0.0,10.0,12.0,14.25,63.0,8.171199999999992,54.79,2.4753124483934794,45.0,54.0,55.0,56.0,63.0,1.624600000000002,0,2
-102.0,0.0,-102.0,-102.0,-102.0,-102.0,-102.0,0.0,51.91,10.679060035055672,34.0,45.75,51.0,55.25,96.0,7.126399999999997,80.56,1.066666666666668,77.0,81.0,81.0,81.0,81.0,0.7391999999999984,380.36,0.8935232724354969,380.0,380.0,380.0,380.0,384.0,0.6048000000000093,5.48,1.8558125993861554,2.0,4.0,5.0,6.0,11.0,1.3711999999999998,11.28,2.55477370560852,4.0,10.0,12.0,13.0,16.0,1.9527999999999996,55.11,1.2135181344447492,53.0,54.0,55.0,55.0,59.0,0.8671999999999997,0,2
-101.0,0.0,-101.0,-101.0,-101.0,-101.0,-101.0,0.0,53.66,24.639305053823115,33.0,47.0,51.0,56.0,283.0,8.604399999999991,74.65,3.967990611751679,64.0,74.0,74.0,74.0,81.0,2.793999999999995,384.97,3.8858848426196335,379.0,385.0,385.0,386.0,396.0,2.6267999999999847,5.58,3.5109640680116154,3.0,4.0,5.0,5.0,20.0,2.0596000000000045,10.93,3.5710819456610436,0.0,10.75,12.0,13.0,17.0,2.5049999999999972,50.5,3.286027966706887,45.0,49.0,49.0,54.0,61.0,2.71,0,2
-102.0,0.0,-102.0,-102.0,-102.0,-102.0,-102.0,0.0,51.97,14.212283064271901,23.0,45.75,50.0,56.0,123.0,8.686400000000003,80.82,1.028679647986591,74.0,81.0,81.0,81.0,81.0,0.3456000000000063,380.17,1.0055904341291848,380.0,380.0,380.0,380.0,387.0,0.3264000000000146,5.0,1.407052941362897,3.0,4.0,5.0,5.0,16.0,0.68,11.65,5.135290850693087,4.0,10.0,12.0,13.0,57.0,2.2179999999999995,54.54,1.0956295178590447,48.0,54.0,55.0,55.0,57.0,0.7660000000000002,0,2
-95.0,0.0,-95.0,-95.0,-95.0,-95.0,-95.0,0.0,56.71,31.077061273127768,22.0,36.75,44.0,71.75,156.0,24.602400000000006,76.39,6.327581119850056,42.0,74.0,79.0,81.0,81.0,4.6632,377.29,6.158339996715957,373.0,373.0,375.0,379.0,412.0,4.390600000000003,8.18,5.9056213590411994,4.0,6.0,6.5,8.0,48.0,3.2044000000000032,10.16,7.970551861050586,1.0,8.0,9.0,10.25,62.0,3.5200000000000045,53.43,3.5111798356654758,44.0,52.0,55.0,55.0,63.0,2.683799999999999,0,2
-102.0,0.0,-102.0,-102.0,-102.0,-102.0,-102.0,0.0,55.28,31.102008769450077,22.0,33.0,44.0,63.75,167.0,23.249600000000008,73.4,5.766500260342079,57.0,69.0,74.0,78.5,81.0,4.44,387.31,5.609686787921934,380.0,382.25,387.0,391.0,403.0,4.2982000000000005,8.24,5.810335618533586,4.0,5.0,6.0,8.0,24.0,4.324800000000005,15.86,18.41333508875861,0.0,7.0,11.0,13.25,63.0,11.984799999999982,50.88,3.579628105507244,42.0,48.75,51.0,54.0,57.0,2.9743999999999993,0,2
-101.0,0.0,-101.0,-101.0,-101.0,-101.0,-101.0,0.0,53.71,19.752659966636788,23.0,40.75,50.0,63.75,135.0,15.2036,67.98,8.16494106691913,48.0,66.75,71.0,74.0,81.0,6.069199999999994,391.46,8.207436883827999,379.0,386.0,389.0,393.25,411.0,6.171599999999999,15.48,8.66489492379475,3.0,11.0,13.0,16.0,37.0,6.040800000000007,9.39,2.126765457950479,5.0,8.0,9.0,11.0,17.0,1.6368,53.26,3.292538242877079,42.0,51.75,53.0,56.0,59.0,2.605199999999999,0,2
-102.0,0.0,-102.0,-102.0,-102.0,-102.0,-102.0,0.0,60.37,24.91547529329732,26.0,42.0,54.5,69.25,141.0,19.046199999999995,70.34,3.9008416600223157,60.0,68.0,70.0,72.0,81.0,2.754000000000001,390.18,3.859606930318899,380.0,388.0,390.0,392.0,401.0,2.7108000000000003,15.81,4.059394889473906,4.0,15.0,16.0,18.0,26.0,2.7079999999999997,9.81,2.259413528982574,2.0,8.0,10.0,11.0,17.0,1.6841999999999997,56.15,2.7427590620991973,44.0,55.0,56.0,58.0,64.0,1.962,0,2
-102.0,0.0,-102.0,-102.0,-102.0,-102.0,-102.0,0.0,49.67,16.046054299604574,24.0,39.75,46.0,55.25,104.0,11.857400000000002,68.53,3.952891794035543,61.0,67.0,68.0,69.0,81.0,2.3654,391.98,3.8742350173546445,380.0,391.0,392.0,394.0,400.0,2.3471999999999933,17.74,3.9965136321700734,4.0,17.0,18.0,19.0,26.0,2.2691999999999997,10.87,3.7461225745341507,0.0,11.0,12.0,13.0,16.0,2.5627999999999997,57.27,1.9219886586659147,53.0,56.0,57.0,58.0,65.0,1.3861999999999997,0,2
-101.0,0.0,-101.0,-101.0,-101.0,-101.0,-101.0,0.0,45.92,12.783891378914278,10.0,38.0,44.0,52.5,86.0,9.548799999999996,79.78,3.3138216821992876,62.0,81.0,81.0,81.0,81.0,2.0583999999999993,380.11,3.1395007001854074,379.0,379.0,379.0,379.0,398.0,1.9114000000000102,7.46,22.673537283125718,2.0,4.0,4.0,5.0,230.0,5.489599999999993,11.78,2.5008281456632346,1.0,11.0,12.0,13.0,17.0,1.8327999999999998,54.54,1.8554859963977843,48.0,54.0,55.0,55.0,59.0,1.1676000000000009,0,2
-101.0,0.0,-101.0,-101.0,-101.0,-101.0,-101.0,0.0,58.13,18.934045547850587,30.0,45.0,54.5,63.0,146.0,12.916000000000007,78.15,3.9270494231314648,66.0,78.0,80.0,81.0,81.0,2.9279999999999986,381.58,3.8485993779188274,379.0,379.0,380.0,382.0,393.0,2.8835999999999933,6.87,3.743425212720613,2.0,5.0,6.0,7.0,21.0,2.4266000000000005,13.18,15.392757053139299,0.0,5.0,11.0,13.0,62.0,8.698799999999993,55.21,1.9760945055714045,51.0,54.0,55.0,57.0,59.0,1.5878000000000008,0,2
-102.0,0.0,-102.0,-102.0,-102.0,-102.0,-102.0,0.0,43.0,17.264431819802414,21.0,32.75,37.5,45.25,120.0,11.74,73.96,1.469693845669906,70.0,74.0,74.0,74.0,81.0,0.49120000000000485,386.6,1.490711984999857,380.0,386.0,387.0,387.0,390.0,0.8639999999999963,6.17,3.1496512553460634,2.0,4.0,5.0,6.0,15.0,2.3183999999999965,11.24,2.5706973467300354,3.0,10.0,12.0,13.0,16.0,1.9967999999999986,49.67,2.391293128891317,46.0,48.0,49.0,50.25,56.0,1.8712000000000035,0,2
-102.0,0.0,-102.0,-102.0,-102.0,-102.0,-102.0,0.0,58.22,16.03442004759219,30.0,49.0,55.0,62.0,142.0,10.497200000000005,78.71,3.643993258595146,70.0,77.75,81.0,81.0,81.0,3.0518000000000005,382.07,3.3762539757978676,380.0,380.0,380.0,382.5,391.0,2.7849999999999966,6.75,3.531603350069515,3.0,4.0,5.0,7.25,14.0,2.925,12.96,12.175418189155065,0.0,8.0,11.0,13.25,63.0,6.143199999999996,55.05,1.5914861868166754,49.0,54.0,55.0,56.0,59.0,1.1299999999999988,0,2
-102.0,0.0,-102.0,-102.0,-102.0,-102.0,-102.0,0.0,51.49,15.287477545264611,28.0,42.75,49.0,55.25,113.0,10.148000000000003,80.79,0.8444112167838033,76.0,81.0,81.0,81.0,81.0,0.38639999999999475,380.14,0.6966006928309256,380.0,380.0,380.0,380.0,385.0,0.26599999999998775,4.71,1.2414963275471786,3.0,4.0,4.5,5.0,9.0,0.8899999999999996,10.71,3.376373644888697,1.0,10.0,12.0,13.0,15.0,2.3975999999999966,54.42,0.8187203614806644,53.0,54.0,54.0,55.0,58.0,0.6376000000000005,0,2
-95.0,0.0,-95.0,-95.0,-95.0,-95.0,-95.0,0.0,60.63,31.693817706424717,25.0,36.75,46.0,84.0,154.0,26.773800000000023,75.67,5.023289195679892,63.0,74.0,74.0,81.0,81.0,4.070600000000003,378.23,4.972357935058921,373.0,373.0,380.0,380.0,391.0,4.073199999999997,7.25,2.540082715586286,4.0,6.0,7.0,8.0,16.0,1.81,12.65,10.81653709592283,0.0,9.0,12.0,13.0,63.0,5.165999999999993,51.88,3.055976095945434,43.0,49.0,52.0,55.0,57.0,2.6847999999999996,0,2
-102.0,0.0,-102.0,-102.0,-102.0,-102.0,-102.0,0.0,44.21,17.373086697940046,27.0,35.75,40.0,45.0,127.0,10.15080000000001,74.17,2.283250385575862,66.0,74.0,74.0,74.0,81.0,1.0094000000000014,386.13,2.27260807768244,380.0,386.0,386.0,386.0,395.0,1.0775999999999977,5.68,2.7112932543550343,2.0,4.0,5.0,6.0,19.0,1.6048000000000016,11.36,2.7285249650403567,1.0,10.0,12.0,13.0,20.0,1.931199999999999,49.73,2.4198463929879024,44.0,48.0,49.0,50.0,59.0,1.6927999999999972,0,2
-101.0,0.0,-101.0,-101.0,-101.0,-101.0,-101.0,0.0,57.1,23.000878331933414,27.0,44.0,51.5,61.0,135.0,15.297999999999986,72.98,10.032251023875983,53.0,70.0,77.0,81.0,81.0,8.047999999999995,386.75,9.87126735490024,379.0,379.0,383.0,390.0,407.0,7.95,12.63,9.74280879584133,3.0,5.0,10.0,15.25,32.0,7.756799999999998,11.19,3.469040562495981,4.0,8.75,12.0,13.0,21.0,2.7386,54.86,2.4205350439499735,45.0,54.0,55.0,56.0,59.0,1.6531999999999993,0,2
-102.0,0.0,-102.0,-102.0,-102.0,-102.0,-102.0,0.0,56.38,17.422718246907145,29.0,46.75,52.5,61.0,130.0,12.031200000000007,72.08,11.652094795843068,46.0,71.75,74.0,81.0,81.0,8.741599999999984,388.57,11.453247080495075,380.0,380.0,386.0,388.5,414.0,8.614999999999974,12.69,12.554282137979856,2.0,5.0,6.0,15.25,41.0,9.626000000000026,11.08,2.32978084546139,5.0,10.0,11.5,12.0,18.0,1.76,53.97,2.4554824249816845,48.0,53.0,55.0,55.0,59.0,1.8244000000000005,0,2
-102.0,0.0,-102.0,-102.0,-102.0,-102.0,-102.0,0.0,61.63,22.053495565707188,36.0,47.0,54.0,66.0,129.0,16.39160000000001,73.4,7.512951779723097,51.0,70.5,74.0,81.0,81.0,5.616000000000002,387.23,7.386658735363861,380.0,380.0,386.0,390.25,410.0,5.537400000000007,9.52,7.812809993849847,2.0,4.0,5.0,14.75,28.0,6.707199999999997,13.22,10.678572900529321,0.0,9.75,12.0,14.0,63.0,4.761200000000003,51.95,3.5230123703467435,42.0,49.0,52.0,55.0,59.0,2.798000000000004,0,2
-102.0,0.0,-102.0,-102.0,-102.0,-102.0,-102.0,0.0,56.1,22.417300317731254,35.0,44.0,51.0,58.0,193.0,12.256000000000013,73.47,6.9608646275901895,56.0,66.0,74.0,81.0,81.0,6.084199999999999,387.24,6.869813930110731,380.0,380.0,386.0,395.0,404.0,6.058400000000002,12.18,6.3458886714394085,4.0,7.0,10.5,15.25,30.0,5.257999999999999,20.37,15.367981275523746,1.0,12.0,16.0,19.0,63.0,10.266800000000003,55.61,3.3086815708638007,46.0,54.0,56.0,58.0,68.0,2.3923999999999994,0,2
-101.0,0.0,-101.0,-101.0,-101.0,-101.0,-101.0,0.0,53.79,19.699405210730745,31.0,42.0,48.5,57.5,161.0,12.805999999999997,72.14,5.642586984600938,62.0,69.0,70.0,77.25,81.0,4.808399999999998,387.46,5.702064130956039,379.0,382.0,389.0,391.0,397.0,4.832400000000002,10.66,4.812063964242328,2.0,7.75,10.0,15.0,23.0,3.9724000000000013,16.99,16.307954928175207,1.0,7.0,13.0,17.0,62.0,9.986400000000001,53.32,3.738632602620073,45.0,51.75,54.0,56.0,60.0,2.9224000000000006,0,2
-102.0,0.0,-102.0,-102.0,-102.0,-102.0,-102.0,0.0,52.6,9.584288489949888,17.0,47.0,52.0,59.0,74.0,7.411999999999997,75.61,4.329590458155777,66.0,73.0,77.0,79.0,81.0,3.8055999999999983,385.01,4.337981190378859,380.0,381.0,383.5,387.0,395.0,3.8105999999999995,8.77,5.555695957821808,3.0,4.75,6.0,12.0,24.0,4.5993999999999975,6.39,9.402229479858443,0.0,2.0,4.0,7.0,63.0,5.1381999999999985,54.32,2.473618377759164,45.0,54.0,55.0,56.0,60.0,1.7608000000000001,0,2
-102.0,0.0,-102.0,-102.0,-102.0,-102.0,-102.0,0.0,59.75,30.869675552018176,39.0,48.0,53.0,60.0,317.0,14.79,68.9,8.545185897346064,51.0,69.0,73.0,74.0,81.0,6.3419999999999925,391.36,8.650941444651433,380.0,386.0,387.0,391.0,409.0,6.4632000000000085,11.05,11.525443964804937,3.0,5.0,5.5,7.25,36.0,9.058000000000014,15.19,14.851245568958014,4.0,8.0,10.0,15.0,62.0,8.992599999999998,49.87,3.889002884332105,44.0,47.0,49.0,54.0,68.0,2.9988,0,2
-102.0,0.0,-102.0,-102.0,-102.0,-102.0,-102.0,0.0,58.54,13.048797305158477,33.0,50.0,56.5,64.0,110.0,9.386400000000004,75.71,7.196091812486638,58.0,74.0,80.0,81.0,81.0,5.6564,384.88,6.93152657111409,380.0,380.0,381.0,386.0,402.0,5.300799999999999,8.39,7.622262714502102,2.0,4.0,5.0,6.25,27.0,5.756199999999995,11.2,6.265183576921367,0.0,10.0,11.5,13.0,61.0,3.04,53.32,2.7372477513965117,48.0,52.0,54.0,55.0,60.0,2.1376000000000026,0,2
-102.0,0.0,-102.0,-102.0,-102.0,-102.0,-102.0,0.0,52.89,14.459204191745334,30.0,45.0,49.0,56.0,114.0,9.214799999999995,76.78,3.5804745467323134,69.0,74.0,74.0,81.0,81.0,3.4204000000000008,383.99,3.412676901841664,380.0,380.0,386.0,387.0,391.0,3.2517999999999985,5.34,2.4586273578662703,3.0,4.0,5.0,6.0,18.0,1.3764000000000012,11.05,2.797455553848457,1.0,10.0,11.0,13.0,17.0,1.9910000000000005,51.47,3.242567258244988,48.0,48.75,50.0,54.0,58.0,3.0169999999999972,0,2
-95.0,0.0,-95.0,-95.0,-95.0,-95.0,-95.0,0.0,69.54,27.77049520697107,43.0,56.0,61.0,69.5,264.0,16.30999999999998,75.03,6.91865433287267,57.0,69.0,78.0,81.0,81.0,5.888799999999993,378.71,6.760394166979416,373.0,373.0,376.0,384.0,397.0,5.67839999999999,5.33,2.5027459666808713,2.0,4.0,5.0,6.0,18.0,1.7018000000000006,13.0,13.85057341189829,0.0,6.0,11.0,13.0,63.0,7.08,51.81,4.770902970247367,40.0,48.0,54.0,55.0,60.0,4.124199999999999,0,2
-101.0,0.0,-101.0,-101.0,-101.0,-101.0,-101.0,0.0,97.17,45.0696554056478,28.0,56.75,111.0,129.0,364.0,36.269599999999976,64.63,15.639664028011953,42.0,47.0,61.0,81.0,81.0,15.015200000000027,395.03,15.389524838261732,379.0,379.0,398.0,412.0,417.0,14.748800000000001,19.65,14.362813235588769,2.0,5.0,22.0,36.0,41.0,13.703999999999986,10.65,2.4303427035226224,1.0,10.0,11.0,12.0,14.0,1.6619999999999981,52.23,3.317705791231604,48.0,49.0,51.0,55.0,63.0,3.0638,0,2
-101.0,0.0,-101.0,-101.0,-101.0,-101.0,-101.0,0.0,66.01,24.290121448852418,35.0,53.0,58.5,69.0,193.0,17.253599999999995,74.25,7.254918220341176,58.0,71.75,74.0,81.0,81.0,5.82,385.42,7.1353154991722185,379.0,379.0,385.0,388.25,401.0,5.740800000000006,10.98,7.818625780206464,4.0,5.0,7.0,14.0,28.0,6.533600000000006,9.58,4.566412291079421,1.0,6.0,11.0,13.0,21.0,3.8872000000000018,54.22,2.1489015281714936,49.0,53.0,54.0,56.0,59.0,1.7688,0,2
-101.0,0.0,-101.0,-101.0,-101.0,-101.0,-101.0,0.0,59.93,14.112287789960444,44.0,52.75,58.0,61.0,132.0,8.1718,71.43,6.662506277594778,57.0,69.0,74.0,74.0,81.0,5.078199999999998,388.42,6.510566392217712,379.0,386.0,386.0,391.0,403.0,4.957600000000005,11.25,4.895627816447214,3.0,9.75,11.0,12.0,23.0,3.53,15.14,17.116369387522013,3.0,8.0,9.0,10.0,62.0,11.383600000000012,53.15,3.4388599238348716,45.0,51.0,55.0,55.0,58.0,2.867999999999999,0,2
-102.0,0.0,-102.0,-102.0,-102.0,-102.0,-102.0,0.0,65.49,19.571415458016908,26.0,55.75,61.0,68.25,141.0,13.106800000000003,70.51,7.023042881339342,57.0,65.0,71.0,74.0,81.0,5.799799999999999,390.07,6.963476143421478,380.0,386.0,390.0,396.0,403.0,5.774199999999999,12.9,8.529805141829193,4.0,5.0,10.5,20.25,30.0,7.407999999999996,15.5,12.6511068705669,1.0,10.0,12.0,15.0,63.0,7.14,53.04,3.744140202848427,45.0,50.0,53.5,56.0,61.0,3.1000000000000045,0,2
-101.0,0.0,-101.0,-101.0,-101.0,-101.0,-101.0,0.0,59.3,20.61013774281428,30.0,47.75,54.0,64.25,160.0,13.91599999999999,79.33,2.926904111303901,67.0,79.0,81.0,81.0,81.0,1.9176000000000029,380.46,2.8864714049713305,379.0,379.0,379.0,381.0,393.0,1.7531999999999914,5.76,2.340335812906283,3.0,4.0,5.0,6.0,18.0,1.5216000000000005,18.74,20.450294507770437,0.0,6.75,11.5,15.25,63.0,15.278800000000006,54.76,2.531099493592586,43.0,54.0,55.0,56.0,62.0,1.7591999999999999,0,2
-101.0,0.0,-101.0,-101.0,-101.0,-101.0,-101.0,0.0,55.58,10.50750573483911,35.0,50.75,54.0,61.0,90.0,7.826399999999995,77.0,7.47926426457803,61.0,79.75,81.0,81.0,81.0,6.02,382.82,7.238198336016697,379.0,379.0,379.0,380.0,398.0,5.822799999999986,8.03,7.551112032627574,2.0,4.0,5.0,6.0,25.0,5.927999999999982,9.82,8.686899459658909,0.0,5.0,9.0,12.0,63.0,4.471199999999998,54.54,1.479967239604657,48.0,54.0,55.0,55.0,57.0,1.0352000000000006,0,2
-101.0,0.0,-101.0,-101.0,-101.0,-101.0,-101.0,0.0,52.08,8.087501268480692,35.0,46.75,52.5,57.0,78.0,6.320000000000005,80.6,1.0347497623614468,76.0,81.0,81.0,81.0,81.0,0.6800000000000039,379.3,0.8226589066968621,379.0,379.0,379.0,379.0,383.0,0.5160000000000082,4.74,1.732750484756603,2.0,4.0,4.0,5.0,11.0,1.2820000000000007,10.66,2.749545416973504,3.0,10.0,11.0,13.0,15.0,2.081600000000001,55.1,1.1763666026534343,53.0,54.0,55.0,56.0,60.0,0.8040000000000009,0,2
-102.0,0.0,-102.0,-102.0,-102.0,-102.0,-102.0,0.0,57.55,9.520180585673696,30.0,51.0,57.0,63.0,98.0,7.280999999999997,75.02,3.5731320612696003,61.0,74.0,74.0,76.0,81.0,2.385599999999997,385.34,3.3910756316239734,380.0,384.0,386.0,386.0,399.0,2.1588000000000047,8.85,4.411589420166071,3.0,5.0,10.0,11.0,23.0,3.648000000000004,9.59,2.767396763835075,1.0,7.75,10.0,12.0,15.0,2.2873999999999994,53.78,2.7873451399661535,49.0,51.5,55.0,56.0,58.0,2.2767999999999997,0,2
-102.0,0.0,-102.0,-102.0,-102.0,-102.0,-102.0,0.0,59.92,4.898319645912804,48.0,56.75,60.0,64.0,70.0,4.0448,74.0,0.0,74.0,74.0,74.0,74.0,74.0,0.0,386.0,0.0,386.0,386.0,386.0,386.0,386.0,0.0,4.64,0.7590531049680364,3.0,4.0,5.0,5.0,7.0,0.6376,11.38,2.5535872964925397,1.0,11.0,12.0,13.0,17.0,1.7820000000000003,49.12,0.6400757530925304,48.0,49.0,49.0,49.25,51.0,0.45999999999999874,0,2
-102.0,0.0,-102.0,-102.0,-102.0,-102.0,-102.0,0.0,64.8,23.146874039009628,40.0,50.75,58.0,67.25,160.0,16.203999999999997,74.88,6.953351056080146,60.0,72.0,74.5,81.0,81.0,5.88,385.84,6.744575074034903,380.0,380.0,385.5,388.25,400.0,5.680000000000002,10.54,7.616330143086288,3.0,5.0,6.0,13.25,27.0,6.327999999999995,13.25,7.075887351999169,1.0,10.0,12.0,16.25,61.0,4.49,54.61,2.9090419819117876,48.0,54.0,55.0,57.0,59.0,2.252399999999999,0,2
-95.0,0.0,-95.0,-95.0,-95.0,-95.0,-95.0,0.0,55.13,25.778252129038595,23.0,38.0,44.5,64.75,135.0,20.344600000000035,76.27,4.750023923384731,65.0,74.0,74.5,81.0,81.0,4.186200000000002,377.55,4.555771120792891,373.0,373.0,379.5,380.0,389.0,4.076999999999999,8.02,5.114803233870493,4.0,6.0,7.0,8.0,48.0,2.4912000000000045,11.62,8.412088463825873,0.0,8.0,11.0,13.0,63.0,4.2620000000000005,53.27,3.2438130698798324,45.0,50.75,54.0,55.25,59.0,2.6921999999999993,0,2
-101.0,0.0,-101.0,-101.0,-101.0,-101.0,-101.0,0.0,48.4,17.308840504088064,29.0,39.0,43.5,52.0,127.0,11.392000000000001,73.08,4.026879384307103,63.0,74.0,74.0,74.0,81.0,2.6952000000000065,386.55,3.9756201472921875,379.0,385.0,386.0,386.0,397.0,2.6180000000000065,5.65,2.941775043071853,3.0,4.0,5.0,6.0,20.0,1.6780000000000006,14.85,14.555623023978107,0.0,9.0,12.0,14.0,63.0,7.803000000000006,49.13,2.9530159211055764,43.0,48.0,49.0,50.0,57.0,2.001999999999999,0,2
-101.0,0.0,-101.0,-101.0,-101.0,-101.0,-101.0,0.0,54.23,23.047537610317292,25.0,38.0,48.0,57.5,140.0,16.512800000000006,75.93,5.937817508788621,51.0,71.0,77.0,81.0,81.0,4.959799999999999,383.78,5.744703313628668,379.0,379.0,383.0,388.0,409.0,4.686799999999998,7.95,5.637850080957592,3.0,4.0,5.0,11.0,33.0,4.237999999999999,10.63,4.291535008277657,0.0,9.0,12.0,13.0,22.0,3.2883999999999998,53.2,3.256694736394648,43.0,52.0,55.0,55.0,57.0,2.5159999999999996,0,2
-101.0,0.0,-101.0,-101.0,-101.0,-101.0,-101.0,0.0,55.16,25.365896137702027,24.0,42.0,47.5,56.0,144.0,16.7968,78.13,4.943427429170449,62.0,75.75,81.0,81.0,81.0,3.8806000000000016,381.71,4.7827446581065205,379.0,379.0,379.0,384.0,398.0,3.673999999999992,7.14,5.128687389911216,2.0,4.0,5.0,10.0,24.0,4.093199999999998,10.57,2.4339974187216056,2.0,9.0,11.0,12.0,17.0,1.8901999999999994,54.8,1.2633129445864137,51.0,54.0,55.0,55.0,58.0,0.9560000000000005,0,2
-101.0,0.0,-101.0,-101.0,-101.0,-101.0,-101.0,0.0,57.56,24.083742787753458,11.0,44.75,50.0,63.0,139.0,17.47679999999999,74.05,10.190483776345438,51.0,71.0,81.0,81.0,81.0,8.018000000000008,385.73,10.086349411181653,379.0,379.0,379.0,388.25,409.0,7.956600000000008,10.6,9.657780659795877,3.0,4.0,5.0,15.5,35.0,8.156000000000006,16.46,14.521610507005471,1.0,11.0,12.0,14.0,63.0,8.24040000000002,53.43,2.7423170914945336,46.0,51.75,54.0,55.0,59.0,2.2409999999999988,0,2
-102.0,0.0,-102.0,-102.0,-102.0,-102.0,-102.0,0.0,58.55,25.06088545518653,31.0,46.0,51.0,59.0,191.0,15.371999999999987,78.24,4.422440479868531,61.0,74.75,81.0,81.0,81.0,3.6087999999999987,382.61,4.275594352918328,380.0,380.0,380.0,386.0,400.0,3.4540000000000055,6.93,4.330430262990765,3.0,4.0,5.0,8.0,26.0,3.204800000000002,17.83,14.969366025049942,1.0,11.0,13.0,15.5,63.0,9.2782,54.69,3.3475303726717085,45.0,54.0,55.0,56.0,69.0,2.027800000000001,0,2
-101.0,0.0,-101.0,-101.0,-101.0,-101.0,-101.0,0.0,51.1,11.133260750988226,30.0,45.0,50.0,57.0,114.0,7.586000000000002,79.9,3.6968455021364766,58.0,81.0,81.0,81.0,81.0,1.8939999999999957,380.03,3.6110240859754663,379.0,379.0,379.0,379.0,402.0,1.7721999999999798,5.31,3.3895114513433753,2.0,4.0,5.0,5.0,27.0,1.4684000000000006,11.62,5.676070628328879,5.0,10.0,12.0,13.0,61.0,2.4676,54.72,1.938863563841437,48.0,54.0,55.0,55.0,64.0,1.0840000000000003,0,2
-102.0,0.0,-102.0,-102.0,-102.0,-102.0,-102.0,0.0,52.45,16.625023733559427,25.0,43.0,49.0,56.0,115.0,11.354000000000006,72.46,3.877987606837838,60.0,69.75,73.0,74.0,81.0,2.883200000000002,388.23,3.7681681105135,380.0,387.0,387.5,391.0,401.0,2.7822000000000027,9.82,5.13136522680944,3.0,5.0,8.5,12.25,26.0,4.209199999999999,23.03,22.86696483593922,0.0,9.0,12.0,57.25,63.0,19.644399999999983,51.9,2.779797245712847,47.0,49.0,52.0,54.0,59.0,2.2720000000000002,0,2
-101.0,0.0,-101.0,-101.0,-101.0,-101.0,-101.0,0.0,64.74,25.100855150630412,39.0,51.0,58.5,70.0,230.0,14.668000000000001,76.11,5.110683996207446,62.0,74.0,74.0,81.0,81.0,4.278799999999999,383.4,4.884525141565541,379.0,379.0,385.0,385.0,397.0,3.9480000000000017,7.28,4.853573087651171,3.0,4.0,5.0,7.0,22.0,3.5912000000000024,7.33,7.052551655144743,0.0,3.0,6.0,9.0,63.0,4.149400000000007,53.63,3.125829182922202,48.0,50.0,55.0,56.0,62.0,2.726200000000002,0,2
-102.0,0.0,-102.0,-102.0,-102.0,-102.0,-102.0,0.0,60.21,20.173136953519517,34.0,48.75,56.0,64.25,140.0,13.097200000000008,78.06,5.651173115005196,61.0,79.75,81.0,81.0,81.0,4.387599999999999,382.82,5.48897885666259,380.0,380.0,380.0,381.0,400.0,4.242799999999996,7.96,5.993127377052464,3.0,5.0,5.0,6.0,27.0,4.537599999999996,11.64,6.049492841252367,2.0,10.0,12.0,13.0,56.0,3.2344000000000004,54.62,1.7796833221876094,44.0,54.0,55.0,55.0,60.0,1.0856000000000001,0,2
-102.0,0.0,-102.0,-102.0,-102.0,-102.0,-102.0,0.0,59.79,16.085186735727763,37.0,49.75,56.5,63.25,144.0,10.86379999999999,78.36,5.672047356300998,61.0,81.0,81.0,81.0,81.0,4.151199999999992,382.53,5.463293489972471,380.0,380.0,380.0,380.0,400.0,3.9973999999999843,7.8,6.477622708957042,3.0,4.0,5.0,6.25,27.0,4.668000000000006,12.85,3.8359674743989243,3.0,11.0,12.0,14.0,26.0,2.687,54.98,1.4837844053689764,49.0,54.0,55.0,56.0,58.0,0.9868000000000023,0,2
